"FSC.A","SSC.A","FL1.A","FL2.A","FL3.A","FL4.A","FSC.H","SSC.H","FL1.H","FL2.H","FL3.H","FL4.H","Width","Time","Species","Media","Temp","Rep","Time_point","hours"
16881.0385720419,2220.37634160034,91464.1978468346,18425.726429114,7669.75928800238,550.888081635349,19201.4518344837,6371.57858062812,84984.7085631254,16984.4248538688,7189.7117004062,706.512301443149,75.1265149763878,355.578778772167,"Rpom","full","cold","1","1",3
17582.4902107454,2269.98250292702,86737.935540523,17463.5236438142,7257.52526993626,539.353031091453,19939.9911864186,6426.54712501626,80501.0503772603,16086.2832704566,6793.79624691037,680.765383114349,74.7194289059451,354.713249642253,"Rpom","full","cold","2","1",3
17083.0715513376,2276.74618891048,94172.6082424152,19000.4240397549,7920.76143326857,560.472500373636,19431.3838738604,6409.65931848752,87300.3191600658,17465.7245180093,7409.16398894037,720.109811687341,75.6128755044089,355.479337916604,"Rpom","full","cold","3","1",3
15921.0085908529,1919.59088380717,91189.8245055624,18441.3394313968,7725.33831891224,556.320766378245,18263.1794499382,6056.52676143387,84968.6319221261,17037.8497218789,7270.66480222497,711.229820766378,75.1583127317676,354.257014833127,"Amac","full","cold","1","1",3
15760.9980781358,1932.08993723912,88689.6994684844,17931.4354523888,7520.27885048497,549.100177171857,18156.5159304525,6088.575508243,83013.9262184319,16648.5403141047,7105.47872436263,701.66883877361,74.3849734242215,355.292874087865,"Amac","full","cold","2","1",3
16946.7154167779,1933.69611244551,84339.6820864099,17017.9751504908,7114.16433887851,550.205052931234,19431.3032648341,6072.10343089286,78817.3863831806,15779.2059128785,6711.82465972778,684.795273255642,74.0810722652196,353.813687987427,"Amac","full","cold","3","1",3
17745.1775985482,2075.22266357496,46712.5632019357,9383.39257989717,3908.60082669624,491.102369190443,20380.3832846053,6242.55152737171,44032.4215142656,8804.9758040125,3757.66042947878,505.995301945761,68.1322915616494,353.777860671439,"Rpom","noB12","cold","1","1",3
18122.995475494,2073.50072602538,44966.1497716703,9026.93993981355,3762.91416065153,490.062059386772,20783.8168311623,6233.15111849997,42362.2225846503,8468.93383699152,3622.27616321892,497.275279361939,67.8886340200762,354.703255539889,"Rpom","noB12","cold","2","1",3
17583.3287155296,2092.27128819943,47699.211642086,9588.21967818321,3995.63968079354,492.632782055824,20155.8034978465,6248.23791322507,44865.236179218,8977.7120802491,3833.08431376205,510.824212704865,68.388529450152,354.577405701713,"Rpom","noB12","cold","3","1",3
18129.2393018658,1896.73749517078,38325.3400449969,7692.15733018203,3207.90714269482,481.968002181669,20911.3599754562,6067.53373633616,36347.7480399064,7266.26402745267,3116.61377633343,463.146012771856,66.4758993704975,353.879371861009,"Amac","noB12","cold","1","1",3
18211.3585013356,1927.19249297929,40555.3987762278,8142.72974268819,3400.09566428457,489.47749948629,20977.3328386493,6083.75666111098,38416.0222607822,7681.7956574351,3292.24114705815,477.983515605379,66.9507066371378,354.119957076646,"Amac","noB12","cold","2","1",3
17988.4725775834,1923.20070567844,37188.6615219544,7464.21124958732,3116.8832741829,482.317369593925,20786.6234318257,6094.0330141961,35300.685395345,7059.82419940574,3031.69515516672,457.701077088148,66.0758294816771,356.072548695939,"Amac","noB12","cold","3","1",3
15470.2569176018,1955.34592265908,35121.261906789,7045.88499327396,2942.93875048955,480.684897917483,17778.1321453505,6149.01771757454,32985.3570248778,6596.99992337426,2846.56668142422,443.078992626901,65.5853270216425,354.779275290752,"Rpom","full","med","1","1",3
15280.4438908638,1982.37668536517,40497.2450382304,8138.80323844678,3403.26441254284,486.889800074552,17526.7232591757,6170.2781227555,37926.6125410261,7596.86902564755,3270.73534198253,474.855524542917,66.9546053768036,353.342418925185,"Rpom","full","med","2","1",3
15740.3636646247,1999.27534973027,37288.5398646795,7481.99385571912,3129.29954283624,483.56373777087,18046.0383651824,6189.29343512846,34948.7626588644,6990.40091432751,3016.8248057054,456.385325043431,66.2171070677517,354.780561397093,"Rpom","full","med","3","1",3
14172.2308755862,1796.64723439432,28958.5022202389,5803.76576662253,2426.70183690937,471.651096951652,16384.3611344799,5993.5673789476,27342.606721435,5460.55402093682,2373.2614029569,407.080440682678,63.6968477728114,354.587854890744,"Amac","full","med","1","1",3
14423.5768428451,1802.85471075987,33681.1451471809,6766.19384360023,2830.30639191907,476.788884984336,16634.5341577755,5997.14503502882,31695.5432047074,6349.70658781132,2747.55764241441,437.596237672621,65.3059881716973,354.610346400293,"Amac","full","med","2","1",3
13829.3327029084,1790.19211815086,32102.6546270883,6446.49223885416,2696.08137863167,474.658032920482,16002.2093395146,5983.3284129437,30298.9544018267,6064.83302965304,2625.68469528181,427.904290733522,64.6759231496644,354.719376340614,"Amac","full","med","3","1",3
15349.7596329011,2026.65950737106,43614.6488832417,8780.33145293388,3679.93017773219,491.326401114462,17551.9945731213,6214.43216784287,40740.6925508626,8173.57128423373,3521.16835570932,495.324189029898,67.6239150069654,354.769721231419,"Rpom","noB12","med","1","1",3
15515.9234343991,1991.85949671942,37327.1160313862,7508.7732129867,3146.30653078232,483.121737963571,17789.8583031407,6173.1235389255,34972.2633853847,7015.64120600886,3033.09790876539,458.001038201581,66.1534772690355,355.234442867131,"Rpom","noB12","med","2","1",3
15901.5468781763,1985.4694206476,35399.8277043706,7110.11038913896,2977.06937708727,481.221722085088,18216.018948744,6187.9178815159,33146.4987077102,6639.54162915638,2874.61444024975,448.018375199652,65.7654856976913,354.422941774357,"Rpom","noB12","med","3","1",3
14819.5020704169,1861.91303111313,27598.7157044537,5526.52909959615,2316.58704851829,469.72039701951,17029.1609692281,6070.02652295091,25921.5784028212,5174.56820431147,2260.00256526932,397.481292304192,63.2505147602525,356.97124168136,"Amac","noB12","med","1","1",3
15033.8927102189,1858.17114842283,28963.9507810682,5809.23235148922,2436.77709623056,471.491201988277,17290.6410206942,6073.83886672757,27218.4536664529,5443.46367592903,2375.11567073136,407.669914261234,63.6666174893465,355.276707540586,"Amac","noB12","med","2","1",3
14967.1349894526,1878.77070149062,25524.0821824412,5102.43986806988,2141.08728715779,466.143264221531,17221.0344510099,6089.77366176008,24033.8282752351,4786.15024532942,2098.91376175658,382.73913499528,62.3478200062935,354.959232194679,"Amac","noB12","med","3","1",3
13585.1770949338,1873.38666568578,23512.4411099921,4646.50206874158,1937.85001052762,465.446155641411,15387.6099908422,6066.18534199558,21743.0706948993,4295.23217089759,1889.53184796589,366.100463976499,61.4134895649681,353.631274400623,"Rpom","full","hot","1","1",3
12835.7970072954,1858.31652938192,40881.1630264489,8184.09006701214,3405.66366686192,488.9194508984,14531.5186868871,6041.15742388614,37454.8125565792,7501.05774086956,3230.54389421554,477.308673462238,67.3334968231591,353.167280921298,"Rpom","full","hot","2","1",3
13874.2806561569,1872.41420274616,24318.5121745934,4808.99553495398,2004.98971731248,466.659476683772,15636.3787069878,6061.74789644253,22364.1887339657,4423.92592565168,1944.34681485979,371.88459250593,61.9118517476373,353.78933572259,"Rpom","full","hot","3","1",3
14821.0756985772,1848.46236944784,25500.1914948961,5076.74441729397,2129.13020927758,468.379584597801,16877.7860639262,6028.06748512198,23654.9247940724,4698.34514641548,2062.91362471919,380.098793993615,62.0799195995744,354.884609624404,"Amac","full","hot","1","1",3
14449.8102557752,1797.22782274221,26776.2576146107,5336.97724540865,2236.29938296338,469.574459637646,16485.809651123,5982.99752311155,24865.5401510902,4948.93174351092,2168.41185191121,389.829852333739,62.5863851270134,356.095713525997,"Amac","full","hot","2","1",3
14318.7196501934,1754.22783419881,27978.4255785778,5584.93779538099,2334.3829819365,472.724911707469,16340.9750618648,5930.74459176074,25977.5605074118,5182.83192671634,2262.28776672238,399.225030117277,63.1441407738167,355.935787562508,"Amac","full","hot","3","1",3
15356.765140981,1886.7912444368,29277.2558515363,5822.13042659362,2422.57826851262,473.094022201657,17160.8834180506,6061.51423993973,26703.5649865832,5323.57178101558,2321.91250482493,406.448723195476,64.0093010710183,355.041271177376,"Rpom","noB12","hot","1","1",3
14988.9311789458,1911.97040177912,25401.4377768345,5027.31393031153,2095.75889561494,468.063808042965,16836.7681049756,6094.64999354053,23298.0403970729,4618.94415786948,2027.2745275358,379.306211243171,62.2231055293075,353.782546508194,"Rpom","noB12","hot","2","1",3
15476.0305556858,1904.15572567409,27257.1156998828,5409.77131535756,2255.36497069168,470.630248534584,17373.2574232122,6083.27085814771,24986.1074958968,4969.67488393904,2174.50828135991,393.536063305979,63.0616506447831,353.414213364595,"Rpom","noB12","hot","3","1",3
21121.1959091426,2551.91619920979,48608.8901191812,9729.94668552754,4067.15334211339,497.543176755605,23272.0551355218,6674.04004682698,44439.0141131327,8853.32806529763,3800.7277693771,512.77287286799,68.7325008536169,354.346048160252,"Amac","noB12","hot","1","1",3
19566.0642512122,2330.00269075892,42660.1957059972,8545.7257855054,3573.66884979399,490.770304485533,21762.133921314,6448.87793484253,39007.1463754169,7788.65190174993,3355.91276522194,482.094344734801,67.3985686657386,354.265833901694,"Amac","noB12","hot","2","1",3
19157.8330151146,2367.9468496346,34026.7059470848,6794.62278383386,2845.69124632011,477.970899446017,21326.6383216862,6506.77479519568,31200.1845919433,6211.71949097544,2694.45685236219,430.474882666642,65.0023983973063,354.241109470377,"Amac","noB12","hot","3","1",3
18597.276521885,2427.39049136341,80107.4728324669,16063.7413214825,6607.65143384203,529.165235619654,19644.9943987926,6546.30382357874,69089.1032533959,13758.1534294818,5798.04046620828,645.493476438035,79.1194700654033,392.881754150595,"Rpom","full","cold","1","2",6
18380.727710018,2242.64954057395,75347.3628051051,15094.6457132645,6203.99268790302,520.796199496642,20514.4043693875,6429.71067327883,68609.6422433692,13649.791716928,5720.90899343252,627.340168878166,74.2967877406961,352.847279929709,"Rpom","full","cold","2","2",6
17106.7825186339,2160.10139333959,84817.5639750013,17032.8055344086,7024.73838145991,536.924083352513,19574.2438078714,6359.0209266505,78971.9986544624,15738.1651470354,6598.46146628189,670.669564293681,73.9971849937149,355.616858169715,"Rpom","full","cold","3","2",6
16758.111378118,1890.3602418285,82685.1362351304,16610.4644651284,6853.20758758672,537.330263358198,19173.1994432725,6096.51933323185,76756.0004349433,15294.1879390209,6433.75291955723,669.173575016854,74.0892068808038,356.207652828219,"Amac","full","cold","1","2",6
16463.4511660701,1882.97880464259,88065.2591170409,17714.4751057598,7333.00565137217,543.045135047185,18913.5410348194,6088.05460462089,81906.7747803449,16335.2460787504,6891.86385725133,691.094099143074,74.5951079292765,356.019177785009,"Amac","full","cold","2","2",6
17620.1840752615,1886.49628422768,74604.7246123929,14964.3083512903,6171.0358017554,526.058958322384,20255.6664214012,6079.19520681137,69704.340442529,13886.2010406265,5843.29247910864,637.294949282598,72.7005518473748,354.020549745099,"Amac","full","cold","3","2",6
18235.7522983693,2226.29174207839,45660.7595018774,9117.77507045931,3773.15210207371,485.904625552644,20872.5595054792,6452.67895765238,42670.290166311,8494.28921184617,3608.09279919321,496.243730696849,68.1966827845161,354.319898790711,"Rpom","noB12","cold","1","2",6
18173.0195168804,2246.67557988762,41514.4468136196,8281.26362195649,3427.18077126255,482.216241655861,20816.7293473563,6472.96874609806,38847.236459684,7731.2786245978,3292.34564664073,474.052451616002,67.2173077846612,354.364231859002,"Rpom","noB12","cold","2","2",6
18528.5903823087,2208.23376074874,48231.92173061,9633.9881996182,3987.84961904279,488.989483553799,21179.0470241414,6417.02790025848,45037.8211359451,8964.57582822293,3807.25786832903,510.274196273208,68.7471491561502,354.825443886946,"Rpom","noB12","cold","3","2",6
17431.2252375329,1995.06982039348,38887.4485068809,7759.01204066038,3211.83283549834,479.706925695232,20017.6667515688,6221.63414144689,36412.2482151265,7256.35886570804,3095.20439021002,463.082185225492,66.7826583616984,353.301749754942,"Amac","noB12","cold","1","2",6
17507.4881514013,2010.17268537199,37468.6021524566,7478.1107265899,3099.41431298302,476.623731338651,20056.7629193954,6244.15842360098,35007.2893556597,6979.52041497253,2984.91276886309,455.444970359105,66.5375089233061,354.860804183867,"Amac","noB12","cold","2","2",6
17908.4832946146,2009.73096092925,53031.3258148539,10623.6863709961,4407.59766279479,499.090095036959,20466.3989933122,6223.26742696234,49443.2069482577,9863.57627595917,4194.90365364308,538.501246040127,69.6138401971137,354.079640971489,"Amac","noB12","cold","3","2",6
15259.9015564537,2032.37508409648,23928.7185171135,4656.27175606427,1909.81876498539,460.746405533913,16922.7228601396,6275.28989496653,21495.8322852682,4217.38222196284,1839.84940447531,364.46691502486,62.1325214679072,355.203352187158,"Rpom","full","med","1","2",6
15389.323779749,2078.80766394036,22531.5679451974,4376.6106325813,1799.27679218196,459.023998380023,17078.5156350837,6325.52772399805,20292.0791796726,3970.72649386911,1739.85442102282,353.421365258735,61.3253338733257,353.77062836672,"Rpom","full","med","2","2",6
14385.2584241065,2039.91774668032,14062.9631447291,2696.33888642524,1125.68115186189,449.486847775849,16057.9412873346,6301.22688718724,12801.0546185027,2464.83161780321,1123.81575955929,284.117587723133,56.1343203877431,355.61428834647,"Rpom","full","med","3","2",6
14160.3549558111,1896.1488520027,17289.2370845257,3318.64370896404,1368.96396373357,453.353667695903,15699.3200757525,6136.22878917176,15605.8326675155,3019.93909113179,1349.08146756292,314.030113897915,58.5016017314852,355.778589561018,"Amac","full","med","1","2",6
15101.8853365856,1898.72916682028,24151.8133976513,4701.50782271944,1927.67845223857,461.664321350147,16706.3563735734,6129.80058074972,21643.7917824946,4253.99716261435,1856.91660534237,368.236064882338,62.2550904084862,354.837157069352,"Amac","full","med","2","2",6
15396.9848237373,1874.24835656629,35517.8361453769,6992.33096617611,2857.13078682914,479.508732721493,16840.7651988899,6081.35389557495,31361.9121366936,6232.42594766355,2676.21920293639,444.519748357263,66.6405680620362,355.828184766369,"Amac","full","med","3","2",6
15591.9875249516,2110.26491041943,19194.615064192,3710.83454501412,1533.53055214009,456.464552587764,17242.7527327976,6361.94770199705,17309.8336649996,3368.61127583701,1496.14123925662,329.041201235087,59.4698541383677,354.937744341997,"Rpom","noB12","med","1","2",6
15805.222623608,2078.59365701559,24829.525484781,4840.95275426875,1987.33178767632,464.392832962138,17399.1899970304,6317.15851818857,22167.3822835932,4362.34843355605,1904.72136154417,372.76438752784,62.5122524127691,354.361074981441,"Rpom","noB12","med","2","2",6
16280.9488352924,2092.78576588261,27795.8921502443,5442.67454365235,2231.69373558795,468.753475510044,17872.3539458543,6322.49367827214,24752.8895621692,4893.59198080806,2124.50455055093,394.301104511257,63.7445708773604,353.49313022656,"Rpom","noB12","med","3","2",6
14393.4034799879,1899.98929059353,21584.1359231898,4180.43709583565,1716.20731164297,460.358767646612,15818.6837765015,6123.14830997318,19230.2824153722,3766.606025148,1659.89175352932,350.543720588979,61.0428831655113,355.834907402723,"Amac","noB12","med","1","2",6
14314.7195839527,1899.12199338838,20662.4009167315,3993.92380549109,1640.45299426666,458.384507036944,15711.5587312517,6124.7660914897,18404.6205565977,3596.61891185883,1589.33358672448,342.115501130208,60.5625409142939,354.329598640985,"Amac","noB12","med","2","2",6
13046.6877921374,1807.49212873702,13027.8013823297,2474.54198245496,1033.29891750176,450.100386818869,14376.7658088677,6028.84501038894,11705.8269610439,2246.75281800794,1037.54139556496,276.502291954101,55.4479578320085,353.803937998871,"Amac","noB12","med","3","2",6
16132.8466909274,2033.75449098877,26871.395710344,5234.36325822759,2142.54427615255,468.408688509406,17519.774331775,6223.96065235725,23774.7030816592,4684.37534063266,2039.67250271775,385.419726470144,63.3595703762925,355.168259129444,"Rpom","full","hot","1","2",6
14444.884643033,2032.32732397916,52126.3151921052,10326.4870791812,4230.5422885956,505.737817008543,15603.2509808763,6206.39165866148,45532.7589596989,9065.13289121564,3860.73375461825,531.881722587224,70.4777944525675,354.74061142896,"Rpom","full","hot","2","2",6
16288.7642737793,2036.55189256928,30503.8982382064,5969.80762676464,2440.64487862303,474.304390599337,17571.5825643436,6211.10861149877,26782.9294974035,5299.72078788224,2295.174957041,411.487226225399,64.8953521213675,354.629878575566,"Rpom","full","hot","3","2",6
17199.9678762554,2038.9110915622,29567.5989296972,5818.9566468734,2398.35100065978,472.243533465288,18735.9192595851,6206.39525841214,26258.1972201451,5208.47539916428,2264.86758448794,404.864596437211,64.2988109376145,354.693000513159,"Amac","full","hot","1","2",6
17035.4111450717,2010.68171808451,29180.4211480162,5735.70342292576,2361.92070219675,472.381946316425,18525.4026406336,6172.42193874095,25885.587840257,5130.40243604046,2232.90534250685,403.33517881853,64.1775080282062,353.976874066025,"Amac","full","hot","2","2",6
16166.0933698365,1933.50480600208,25433.5842290824,4969.24609598041,2044.77709126542,467.326168587821,17572.7785274559,6106.66355990735,22589.4259987882,4455.55748377429,1950.97013297229,378.126652803439,62.7048242037994,354.855113062602,"Amac","full","hot","3","2",6
15523.8376239554,2074.54283902013,24700.8265701222,4816.63950830662,1980.10174605792,466.665608303855,16832.3005646073,6256.53410933233,21870.5578791661,4306.62743021245,1888.40531965726,372.597437783071,62.3762094643633,354.759414233495,"Rpom","noB12","hot","1","2",6
15077.7330825428,2091.79208334385,20633.2888436476,3991.86899829925,1647.63376973024,461.797326762897,16323.7401644292,6283.16739004198,18257.595556693,3568.22123349453,1587.00585394628,341.702747831595,60.3699427802859,354.417934581778,"Rpom","noB12","hot","2","2",6
15385.7741764428,2076.63717573925,22536.7733626705,4375.19688126613,1801.30814311834,464.322842671056,16715.7542074557,6272.20913835393,19988.8748431853,3918.80922145283,1729.54362405323,356.365250656814,61.1956370781784,354.743983077206,"Rpom","noB12","hot","3","2",6
16484.4197656327,2342.83842208292,18946.7941297264,3731.7462729968,1578.61761082083,458.764391643359,18186.9701929678,6561.5698620117,17140.9441151871,3370.83798740328,1519.84502321789,325.682698850947,58.9020052221513,354.035820600218,"Amac","noB12","hot","1","2",6
16757.5675590533,2350.39620918489,24508.419704888,4824.72483212667,2011.85885701749,466.274723461388,18206.8930242326,6534.94579299404,21731.9946258033,4287.7403115384,1895.04857403772,366.093853426566,61.7374631766266,354.897440224719,"Amac","noB12","hot","2","2",6
16860.0738827153,2277.61087253919,27095.11431273,5350.32800143387,2225.18174303,470.288425522887,18315.6648401893,6456.70720885488,23986.5616618993,4748.70208789038,2085.67269538308,385.261926360531,62.9199794429854,353.242942213573,"Amac","noB12","hot","3","2",6
18901.0807534127,2372.98918883444,106611.674886244,21406.2412320616,8704.07433059153,552.317098354918,21055.7847786139,6625.36761900595,95292.6607017851,19043.9731536577,7895.02928771439,738.857669758488,78.4485430521526,355.849514350717,"Rpom","full","cold","1","3",12
17784.4427092943,2328.09688511666,118381.811966385,23940.5377526544,9855.21868259054,572.131626884949,19591.031407149,6561.46741030243,103735.738369928,20893.5268933358,8766.43749601624,788.245788952815,80.2091920089907,355.391257527216,"Rpom","full","cold","2","3",12
17577.2581047004,2314.97449749776,112259.488479322,22665.0481632229,9317.21245452933,561.550656810544,19541.3750416319,6554.04880338073,99530.604486295,20000.5318759651,8376.97191091426,767.126573901459,79.371775962075,353.468811771983,"Rpom","full","cold","3","3",12
16693.0988823452,2031.91577370932,100347.98492269,20102.1810189416,8110.71747664435,556.181874721167,18059.8491953848,6266.72836959064,85862.8027826104,17178.9067697804,7111.15679009684,720.766942694279,77.928313533756,354.70653062646,"Amac","full","cold","1","3",12
16004.104195122,2040.08720557491,101330.571873016,20334.5875679443,8232.98591560201,559.126854045683,17252.4633124274,6268.80157801007,86049.2509299264,17256.0960387147,7168.76243592722,726.862688346883,78.1892899728997,354.82907936508,"Amac","full","cold","2","3",12
17051.1500894434,2005.81923254132,100980.559758183,20272.8221199804,8220.07584569499,558.820308157466,18533.2737590653,6240.3546040798,86801.4185146987,17410.6222193437,7234.93331671812,726.440023742259,77.6920245358536,354.660577520607,"Amac","full","cold","3","3",12
22332.8187203318,2313.00461031879,62728.8185375161,12486.9991888865,5009.85312961636,502.599040952827,24387.5631250144,6543.40660952449,55481.2275719758,11040.1915278563,4563.64420694742,567.194364652261,72.525097239062,352.018979215741,"Rpom","noB12","cold","1","3",12
22717.2756695761,2311.96337100456,72036.9267740667,14380.2119732939,5788.73081033024,515.167079853304,24848.7481128769,6531.52323319969,63765.2752186327,12712.200808706,5255.73905340366,609.029501525941,73.7684031903708,352.867012318661,"Rpom","noB12","cold","2","3",12
22251.2270215564,2336.81666164925,69455.9195437585,13864.272873474,5570.76465613537,512.834280700642,24234.1621859824,6551.35381297187,61167.1539428965,12198.9078901503,5043.40289320035,598.151374111719,73.5418373248196,354.657351438282,"Rpom","noB12","cold","3","3",12
19883.2175431598,2042.22216164705,51122.9915135666,10149.2433511365,4059.50790062717,489.702428177796,21524.605027739,6279.40015365409,44661.6237809247,8897.35960227231,3699.32776189526,516.299368393059,70.754341097297,355.445208282547,"Amac","noB12","cold","1","3",12
19630.5838117565,2054.39719865288,49777.6435227136,9911.10443934806,3979.81007689339,487.338368323255,21475.4759060007,6303.29478236773,43980.983730494,8777.82202146487,3656.76591121984,511.395440798209,70.2898964157785,354.560949445528,"Amac","noB12","cold","2","3",12
19541.6657159857,2072.36234883648,43941.053228144,8716.37123767874,3486.56757753196,479.948406947415,21198.5487612422,6328.64280971943,38524.2319401835,7675.58390746372,3205.57307029994,479.803538751366,69.1808476997067,355.794877712851,"Amac","noB12","cold","3","3",12
18304.6924353823,2376.70338116901,39256.1385585506,7719.76061053347,3066.45256398914,473.976283158645,19400.14211014,6630.02870606203,33525.6377541755,6649.90750501716,2788.05979149109,452.66578507471,68.5437633577478,353.477720789894,"Rpom","full","med","1","3",12
18634.2829936782,2394.24147269971,40929.4189994224,8065.13223088585,3211.6756368303,476.036608120441,19851.4769142473,6654.471087541,35144.2818926265,6978.38420668242,2923.71667009462,462.038790518147,68.8150134675615,356.200056407344,"Rpom","full","med","2","3",12
17922.9306741954,2339.73811655631,42188.0792470269,8327.32555063747,3319.3889338176,478.383192168926,19087.6813294727,6599.26539510389,36140.9661241525,7189.98565490417,3014.45650619896,469.640100560085,69.1227324037904,354.250045129286,"Rpom","full","med","3","3",12
17026.5237270103,2210.91865239927,33912.2104279917,6616.61948539919,2613.52009397948,467.007997079938,17738.6160067948,6447.93495641466,28397.5960035658,5621.3724463243,2374.86422713111,423.348609510859,67.1919961012355,334.0765002171,"Amac","full","med","1","3",12
16815.6103210289,2181.14977738505,31653.5139411422,6165.51608755352,2438.12856702972,464.163591648253,17611.8393671898,6423.30572620417,26690.9252426999,5276.45023786049,2236.09589945166,409.602666163831,66.1704260626491,331.288613087292,"Amac","full","med","2","3",12
16602.599076218,2267.77241509032,43601.0519436236,8586.86645194906,3413.28202407224,484.231470547409,17264.2247926419,6484.47168604289,36260.3837497259,7228.94282992716,3041.87075803632,480.370865663355,69.9955339809731,333.970069625638,"Amac","full","med","3","3",12
17661.6608585314,2278.41210686198,37972.1866206964,7465.35579032047,2969.60466532297,474.852025884387,18749.730696154,6540.91083353148,32437.4194868456,6444.07300094889,2710.87025473277,446.917154628545,67.8064815411521,354.61859640312,"Rpom","noB12","med","1","3",12
17599.9494872576,2327.63770796165,38319.494027157,7525.58469211626,2990.59989204332,475.334005731443,18543.4585983038,6575.97174166651,32439.4284274173,6445.46607963929,2714.29433113483,449.891327411257,68.2235169425675,354.633520237215,"Rpom","noB12","med","2","3",12
17354.3315127746,2252.83547543353,26199.3147895992,5082.9306023946,2017.10776922682,456.92895896044,18395.8346018874,6517.10714224612,22461.86614113,4420.35268821749,1887.87464713466,373.527573564561,63.6792616321022,351.340900376491,"Rpom","noB12","med","3","3",12
15983.6025001678,2073.91014145106,22480.0002725415,4286.04767172372,1691.67725771107,452.507109626828,16614.8701960796,6316.29768550109,18919.1922089191,3686.41130826953,1593.06200320036,348.16680143445,62.1873242132117,299.891090597017,"Amac","noB12","med","1","3",12
16294.8977367021,2090.24150071791,26563.9122092866,5105.9175843306,2009.66597267025,459.181370861984,16853.2413451958,6330.51183824097,22166.3901176249,4350.52927577879,1859.99415036277,376.154020045292,64.2738071706719,306.057470929912,"Amac","noB12","med","2","3",12
16054.0040813463,2070.54526265147,22904.5569494142,4366.86081927614,1721.26816209119,454.114708682884,16595.3096210322,6301.32939832216,19167.4174289122,3739.15552916178,1615.0638492147,351.20432490403,62.5631536217939,296.960639865292,"Amac","noB12","med","3","3",12
19358.346618355,2526.10383713433,31754.5592787017,6160.07511862656,2437.61018184998,466.404337064163,20118.7276318011,6747.39293915215,26760.3240208352,5275.39578761321,2235.92265324843,408.72643790843,66.0188541478108,333.256868950453,"Rpom","full","hot","1","3",12
17949.319957404,2530.6817184712,46931.6066141343,9228.18508390015,3663.6644571593,490.090543869124,18574.7405463515,6724.23650104818,39119.1544196396,7779.23686884909,3255.23037103309,494.083113885548,70.5667183749482,340.732307813895,"Rpom","full","hot","2","3",12
18149.5231149044,2409.19040138309,26747.9478487429,5151.19430042898,2039.00703994396,459.786027204246,18969.3126150127,6642.30272366373,22667.1228523363,4447.14072397549,1899.42208183948,376.581472041655,63.8886848716615,320.98268710258,"Rpom","full","hot","3","3",12
21789.602162252,2895.45518313308,37204.4299079498,7334.05535868946,2949.80201863858,473.458777364135,22877.3594386871,7103.11045638164,32044.9228980306,6374.45783725457,2699.52309306435,443.386465538622,67.5313787537835,353.882299321018,"Amac","full","hot","1","3",12
21530.9722228973,2763.74612207297,28476.1122449098,5562.72905375456,2236.82624525928,461.288313155266,22659.32013513,6985.01418887874,24583.5485760777,4862.42955962396,2084.29123310152,390.532623426464,64.4259047724861,354.936802780372,"Amac","full","hot","2","3",12
20343.9137964858,2661.52364117697,23384.314962386,4541.7190316792,1823.57901214428,453.972496236534,21399.7027419098,6900.04061239703,20187.4764269681,3977.2184576086,1721.46358884981,355.276195068362,62.2291760021972,355.810824121704,"Amac","full","hot","3","3",12
19757.5919588964,2624.89440151215,35769.8886923286,7002.27993588003,2791.70580108189,472.80704066501,20567.5596242612,6831.25247394474,30268.4548257065,6002.2547818459,2540.24034649846,434.465615405501,67.3641210133879,354.571282817101,"Rpom","noB12","hot","1","3",12
18992.4530961899,2678.81011462838,30871.6029646325,6003.69251550135,2393.54950130538,466.155393856572,19748.5056794077,6895.66812127764,26091.2699110712,5148.52726503223,2194.09041874031,402.963526964184,65.5381292322754,346.748426409399,"Rpom","noB12","hot","2","3",12
19791.5107290604,2549.16140261128,45430.2802654392,8942.55851450602,3570.53899230891,488.709736241998,20526.2292424525,6736.08908652661,38254.8591303505,7608.37384574288,3196.80296071529,487.037480803207,69.8244941277668,350.49741275193,"Rpom","noB12","hot","3","3",12
26889.2360804538,3823.98827641595,30183.7917005511,6013.32052208085,2471.77007935265,464.094334190335,27994.9512493876,8132.49767902332,26584.7878566702,5309.23088035479,2289.22374316208,397.802115902352,64.0974254585129,356.025793400243,"Amac","noB12","hot","1","3",12
24216.3363107834,3559.84670215847,25617.0821691173,5069.56097630123,2082.79700216474,457.633720989099,25082.4036588008,7856.97974172932,22307.252341426,4436.7874663594,1935.08117280888,371.550602138823,63.132195138744,354.523999489695,"Amac","noB12","hot","2","3",12
25887.8778801141,3613.3921585751,30098.7250870762,5984.26069437534,2452.8178457914,464.758550727581,26883.1092153498,7915.33787991105,26425.4435553479,5278.21199670989,2277.16067305056,400.640504889467,64.336358743666,356.158640088549,"Amac","noB12","hot","3","3",12
17690.4132248046,2449.73267692798,76528.9108961014,15207.5405196637,5972.49359066244,519.822835398109,18774.6879344277,6566.89906829118,64610.2790757995,12865.9033332196,5234.01399383411,616.64872416186,75.1755582858378,355.988531676963,"Rpom","full","cold","1","4",24
18402.7562097536,2327.99367229334,90706.9441537045,18075.8299968437,7120.64688598523,541.180597780639,19359.5803073179,6421.38773309963,75643.5443845128,15098.3506204602,6143.18246984469,672.574605440266,77.0856659114056,354.450866995597,"Rpom","full","cold","2","4",24
17129.0398774659,2340.53104764419,96372.8988126076,19278.1264036694,7621.49508928817,550.571855665,18067.2075071359,6429.32742331997,80235.388618852,16057.7805881415,6553.7971401387,697.173798170789,77.6963377276202,354.070038003157,"Rpom","full","cold","3","4",24
16783.7815337486,2122.05298712286,87438.8367221943,17400.3842100198,6844.04421992378,541.708773815085,17372.4088495983,6208.45156989601,71595.5997752566,14304.4187214685,5840.94363571115,663.701774891688,77.069994246087,332.624724584043,"Amac","full","cold","1","4",24
16447.8649636684,2039.1644366773,120474.033799462,24237.1022691818,9640.41004684031,592.452602401105,16774.9770001936,6118.86127784059,95859.4039693376,19304.5828102381,7931.31280780023,786.58884259589,80.837923897788,327.859368714203,"Amac","full","cold","2","4",24
17273.034469171,2104.49947711697,84806.1149710986,16879.6322553153,6661.07199843586,539.974232845877,17860.6682404961,6195.40840322653,69491.8279509302,13889.8860576224,5691.95310395997,657.135761088078,76.7629540133654,333.245956555088,"Amac","full","cold","3","4",24
19626.562670156,2359.8446723484,50090.56884595,9931.2296752047,3940.28472468825,484.584390938052,21123.9300848657,6491.2415687546,43430.227089091,8654.67431693145,3580.4924192129,506.992841225483,70.4468753055731,355.138662014235,"Rpom","noB12","cold","1","4",24
19533.9307384063,2419.84196605616,47461.1516619154,9369.38760308395,3704.43009706575,480.234713656575,20687.2671138191,6533.41114224392,40488.8651911768,8061.83132691179,3342.63396696433,492.121228742665,70.1271848811266,354.49132943684,"Rpom","noB12","cold","2","4",24
19374.8388898686,2385.7843973391,48945.8480767101,9662.84317056766,3817.59928350839,484.145065968904,20411.6336900753,6503.67437876035,41463.3277651778,8259.9003924914,3424.20971528994,499.736965143319,70.6536796581183,353.242248602493,"Rpom","noB12","cold","3","4",24
18621.2649027992,2168.60322402526,37317.5103403906,7295.31248653399,2865.96501293238,467.790652812003,19469.3456156684,6284.52726221411,31370.9034355731,6230.53810416652,2603.90156661653,440.104168524767,67.9105295911445,326.96803232443,"Amac","noB12","cold","1","4",24
18345.5615075389,2177.17538455989,34972.1544341619,6846.93825699582,2702.17352488517,464.347170007936,19397.7713271424,6304.49741088391,29754.7786165463,5911.1980693851,2479.11191915224,427.412562222953,67.0171919713354,345.273214872588,"Amac","noB12","cold","2","4",24
18316.7859255265,2190.61775770878,38669.9349851025,7572.52610333097,2978.14779615461,471.549369999376,19025.0727905718,6317.34769133892,32373.3038125952,6438.71511458306,2692.63690316922,448.232071186147,68.3733691705076,324.252372435687,"Amac","noB12","cold","3","4",24
18613.1900617851,2555.29248482577,33528.1305951201,6484.19952200163,2535.13393123433,464.878198075109,19087.2658301695,6669.85063860744,27707.6555187451,5465.97616758961,2297.42312830992,415.933843977462,66.8398544241047,301.186005247503,"Rpom","full","med","1","4",24
18964.9792818952,2572.25181236609,34923.1982049909,6788.35839963242,2663.77879569627,466.85438322877,19608.6194269047,6694.70817540809,29141.3311961768,5762.71060741463,2418.96559161115,423.97809979627,67.0334519817868,313.780322911364,"Rpom","full","med","2","4",24
18640.6298458877,2494.23482577289,38239.0837499443,7443.12468247763,2919.54632686877,473.596137874595,19120.4794233348,6610.82314358291,31534.3258498661,6244.50436529962,2617.60816827572,444.705893255764,68.3344143611268,306.366739860553,"Rpom","full","med","3","4",24
17865.468660025,2449.80198767947,30877.9607384699,5908.26865140648,2298.59635795869,462.678444691421,17894.0406605421,6523.23310788127,24916.5190445028,4888.97026898913,2071.05751482943,401.757862678346,66.3824684545827,275.806459306887,"Amac","full","med","1","4",24
16866.4781754795,2271.61958543276,22970.0933362177,4314.48878753554,1678.21708144422,450.590141884671,16832.4325163973,6349.29459572333,18559.4509522908,3595.60911358886,1552.48128217994,349.208000705067,63.0873952289814,267.124950049425,"Amac","full","med","2","4",24
18638.8084988242,2525.26114791661,42258.1821149363,8183.4709466366,3194.32483035888,483.264954424325,18448.9640756442,6580.30615025614,33490.2669726466,6623.70906673789,2778.28917610345,469.455596098505,70.3868118715647,275.745753198531,"Amac","full","med","3","4",24
18413.0650445622,2428.85122870899,34833.5751002305,6749.0531738888,2646.39735002125,471.964337010915,18837.9687356331,6535.3350689967,28774.849888225,5680.8195983849,2392.89903862327,426.758987103831,66.9106809556478,293.952267558556,"Rpom","noB12","med","1","4",24
18238.0543911254,2512.5054340637,36774.1559434409,7136.88799861056,2801.71031588556,474.366649601596,18536.8425560446,6606.468106999,30075.6601920376,5947.22401590586,2504.12176887028,437.823539093653,67.8781533776217,290.146830289389,"Rpom","noB12","med","2","4",24
16973.6444559223,2413.25355110091,21145.708833666,3991.43091920615,1569.52712365665,450.603654045397,17342.1897438562,6531.50308222213,17540.9884973161,3397.1573761941,1476.24307327753,336.25321695156,61.3703250926806,273.893877018777,"Rpom","noB12","med","3","4",24
19009.6991476665,2552.52448109761,55151.337289316,10791.8033984803,4271.08062546669,507.08109982282,18521.440911005,6568.95955812521,42907.4447289688,8551.10299055408,3600.41912077288,538.909126631981,73.8152523584645,275.888846902565,"Amac","noB12","med","1","4",24
18828.2601058853,2501.53131996121,36807.2905159417,7051.20358704924,2743.48414288174,476.739527534314,18463.6329312027,6547.62490369712,28982.1724911653,5700.49662675573,2407.16297216104,438.623084894573,68.776352746986,266.779236042503,"Amac","noB12","med","2","4",24
17779.4503356513,2329.50898381448,29004.195214586,5519.60356021153,2159.33745647571,462.924076582679,17572.6463008118,6387.8357807279,23172.7604985099,4537.93719156708,1945.09036595523,392.996296296296,65.8544668211967,266.956474708249,"Amac","noB12","med","3","4",24
21357.1900072593,2892.89781435866,32004.5294240779,6141.465061292,2417.49200749858,467.748303745989,21267.5557691197,6961.6353755063,26095.5631532382,5127.91066670516,2182.4155203633,405.845776997764,65.9900885145558,276.456707885467,"Rpom","full","hot","1","4",24
21214.211276429,3015.67956578003,43604.7832757624,8447.83812725406,3329.93170797442,488.000839390454,21014.0264119967,7069.87047156051,35022.4354142536,6926.0038924675,2916.09584995484,473.523458700138,70.0262556396546,280.370690666102,"Rpom","full","hot","2","4",24
22455.6467850055,3464.25000542349,42584.5973103611,8066.28398437621,3119.14654998755,490.182015493626,21013.9906199413,7434.44583480973,32095.6451104378,6277.46543479361,2647.211237269,464.889789475533,71.4037164866928,278.449889515718,"Rpom","full","hot","3","4",24
26158.8431457311,3469.7425310148,49493.5658502949,9849.05589184376,4010.41734926059,493.549605479703,26504.4823355696,7550.68333711193,41867.4275714301,8388.59235252036,3563.90553597083,506.888231583473,70.4425475779614,353.75707487604,"Amac","full","hot","1","4",24
23623.6817471895,3755.44647664019,51203.1629160499,10166.9099819756,4132.29242780018,498.087820288348,23656.6224244273,7770.127273196,41502.1570640136,8322.56176648141,3540.80352711938,500.518574414743,70.0080970355268,326.306139482125,"Amac","full","hot","2","4",24
22918.9819362627,3862.41308621265,61214.1399844818,12175.4253533856,4948.7537072437,517.649642171333,22560.2489401683,7819.46880106807,48183.6607747392,9694.45029627607,4115.2259814822,539.094895035479,71.672684300186,293.446579279314,"Amac","full","hot","3","4",24
21259.4933407738,3593.84192281558,55611.422381617,10838.9717643782,4322.33984301794,513.26023906418,20341.0072188295,7548.6055598074,42714.8734354404,8488.4701996878,3594.28676080286,528.326787353909,73.1423172076165,269.089467418947,"Rpom","noB12","hot","1","4",24
22416.7056178027,3316.53565211644,48826.2480356718,9597.52688126195,3867.22271020257,495.142192734944,22487.8611672229,7350.03577310477,40229.7447732508,8003.46032488831,3392.96548048357,504.450889930466,70.979010923061,318.002546617817,"Rpom","noB12","hot","2","4",24
20768.4028045873,3502.30904258806,45192.0601448288,8710.62714035528,3445.9896867524,497.276249561653,19963.5313960397,7477.06919272381,35036.5420599648,6919.62800612281,2937.27242644878,476.092581974762,70.2762828604044,270.757556995495,"Rpom","noB12","hot","3","4",24
38044.1752410483,4970.24728363172,37418.1519597591,7499.15194145821,3105.41400955827,473.695881786999,37991.0092157827,9180.53194804652,33374.7030844767,6695.33609240358,2874.18519932235,442.316926190078,65.6275673471095,353.041085396971,"Amac","noB12","hot","1","4",24
33843.6745857308,4388.71562664707,37905.1406382928,7582.71429258766,3137.6013480561,475.837739009865,34105.4804582166,8574.37822333904,33731.2919490608,6761.06821854955,2907.41318225657,448.205587303254,66.1228384410313,354.981038860494,"Amac","noB12","hot","2","4",24
32084.609746045,4539.2207665667,35322.8727143952,7057.95000530198,2910.4862478567,470.872088160972,31895.2434910657,8707.50562910529,31007.3788857033,6215.41410087373,2677.68975396798,430.576699685682,65.5324491359769,354.695654174661,"Amac","noB12","hot","3","4",24
17383.8337037447,2492.09503343291,98600.9464753739,19807.9903877707,8071.5613522751,566.009512079745,18069.4277154388,6656.35504306432,81693.4534048728,16414.9896920507,6894.89660514215,716.522159693841,78.061214835776,355.041066657008,"Rpom","full","cold","1","5",27
18624.5411386306,2402.59354225539,92507.1206660811,18465.5897760999,7456.63998778764,559.62559667142,18998.8133638169,6555.27708071724,75297.5606236421,15073.1775296535,6301.84410266501,691.500781023364,77.8102792817831,338.510473827603,"Rpom","full","cold","2","5",27
18002.6986029657,2411.49371536435,85321.1334834001,17009.2131486772,6858.63703352277,549.721689361745,18484.8379359423,6569.26134636155,69930.9389968405,13988.4596545772,5847.17860942594,665.713046725953,76.838558753167,342.594930703463,"Rpom","full","cold","3","5",27
18173.3066040057,2227.3209517641,54928.7236138517,10786.3752900832,4290.8237107553,505.109778226313,18410.0609458394,6400.434146219,44667.037311402,8878.80258476555,3722.08288722529,534.530615011523,72.8057609945423,312.518965491271,"Amac","full","cold","1","5",27
17789.1059356805,2227.21437732957,57593.6382797505,11299.5473266487,4490.3476165175,509.736448434799,17861.0519825275,6399.65207613725,46303.4968959134,9203.46684739103,3857.67378013565,546.301446431029,73.4684644689807,299.986870532319,"Amac","full","cold","2","5",27
17559.6451301482,2243.89990648577,89886.60665212,17969.2966539661,7281.15742974075,561.801605579783,17685.6445329484,6376.83313006346,71791.6872024719,14424.8086922837,6072.64509282321,688.182041031259,77.9777391749967,312.636252853596,"Amac","full","cold","3","5",27
21757.9075421411,2304.49358175839,45351.1259547128,8935.32899107237,3586.91714764476,487.029593139337,22619.0752424263,6489.38258459848,38388.3711594187,7639.0930205287,3225.31500044746,487.351902122201,69.8636178947509,355.611502739801,"Rpom","noB12","cold","1","5",27
19525.4734933694,2595.21502675427,38191.740857818,7321.18480450594,2871.81342099159,481.538699245127,19181.6840311996,6733.52884022287,30207.2169855943,5939.11350637433,2519.24141842707,445.425383285443,69.077693227822,270.298761595797,"Rpom","noB12","cold","2","5",27
19996.171272143,2453.34027974353,23299.9466391994,4445.64101360438,1769.61212154791,456.598952346894,20562.8954734334,6662.51647081934,19559.4589254504,3812.38035348219,1654.12957252731,352.269136038763,62.4625831700573,305.769087181864,"Rpom","noB12","cold","3","5",27
20117.7808540883,2280.94949484816,27727.2122961912,5301.94376367461,2095.39750649309,463.106011161393,20374.4387653248,6473.99830863669,22831.4468369199,4472.12871916848,1922.42899333787,385.022204410185,64.9782139163287,292.782518365738,"Amac","noB12","cold","1","5",27
19792.4289854113,2258.18852263335,26587.4674432461,5090.74252710304,2019.44017770449,460.734532607911,20151.3552645305,6453.38459239109,22012.7969017068,4311.466922651,1860.28143933011,377.979938531661,64.5167252461542,299.66758347577,"Amac","noB12","cold","2","5",27
19110.0101859951,2263.61827782201,22881.9254117427,4329.29135066093,1711.72554279175,456.515674052184,19342.5641138939,6466.21372170291,18874.0273250389,3666.51386634002,1596.66189944651,350.614099752295,62.7494688084097,283.281717246037,"Amac","noB12","cold","3","5",27
20105.4567482729,2644.41414447961,34327.2417769064,6601.75291216123,2607.44039869422,475.679715374492,20098.5208800569,6809.6232181822,27758.5861225844,5463.80865267211,2332.22259179567,425.159452397355,67.4455508043786,281.421141759406,"Rpom","full","med","1","5",27
19781.021241747,2618.2091843893,38105.1012371109,7389.60619043455,2937.06450504381,481.686180714978,19898.0872301445,6788.25917920417,30974.3873525542,6125.43794416734,2610.6863566027,447.390791006749,68.4692775996307,291.453816763625,"Rpom","full","med","2","5",27
20641.1235599605,2601.74199978057,31555.1347551882,6031.15773181842,2375.67623746886,472.413886145956,20480.1268413203,6762.58452701687,25403.0118850244,4978.56923161321,2133.84397489506,408.813719335032,66.5988583305904,276.493511441075,"Rpom","full","med","3","5",27
17154.7851019772,2380.97156901179,17052.5542896776,3084.77069046973,1213.67727450921,451.575551601781,16550.7159444327,6492.19304303248,13397.6797563403,2531.21491611632,1144.62697345275,307.188995104691,60.5393072183187,285.593510449022,"Amac","full","med","1","5",27
16888.2623886803,2223.85985333652,15273.0443750515,2735.54928628735,1081.06835515323,449.144214393289,16269.9011509484,6345.41762595787,12003.9573984224,2253.08882550585,1035.0439367099,293.988820277925,59.360660649188,291.366224370588,"Amac","full","med","2","5",27
20032.5004617428,2590.47927394089,37125.5295701713,7079.77768266536,2775.49054912652,483.329635026793,19212.5396529829,6690.68570671828,28682.4967164396,5629.23745363689,2405.67835710193,442.504657207569,69.450755656979,270.076289783147,"Amac","full","med","3","5",27
18995.0994546333,2428.04155141059,29688.0743244692,5645.61748359356,2223.33682343535,471.076823088179,18828.1133946194,6579.96775586849,23877.5073830259,4665.41642594357,2007.9712857932,397.306432590895,65.6682697854986,267.276796335495,"Rpom","noB12","med","1","5",27
22099.5580874949,2367.73632999725,28199.2539943815,5445.56291774563,2179.92979202303,465.746393691644,22624.2937633117,6556.91101230645,23692.1965373795,4654.77545785072,2007.94069738257,387.977140979416,64.6799162568379,315.86061420388,"Rpom","noB12","med","2","5",27
19457.7804749796,2556.15005862379,31889.2143742482,6076.37855130723,2393.66470847989,474.75710565986,19080.2765438866,6698.73909825956,25317.0560747948,4957.85358061913,2131.28185403438,411.171952958852,66.8474735939173,267.04507890102,"Rpom","noB12","med","3","5",27
18060.1243200681,2263.17901027855,19702.6278362552,3562.10664611158,1390.4497471342,456.101986019724,17005.2950479736,6350.49085529882,15102.5559648472,2862.10820886142,1282.74977197328,330.355894654169,62.6200597143406,294.895971544678,"Amac","noB12","med","1","5",27
19008.1377004131,2535.46460050835,24481.2933326054,4516.39996886001,1757.31540660936,464.330767317573,18144.3754774629,6629.71303693728,18912.7019407895,3631.13306581254,1588.24123480156,363.340955552725,64.6263828479337,285.756960494681,"Amac","noB12","med","2","5",27
17977.1247107401,2290.33184494464,21450.2937642618,3955.84437216022,1557.58763014178,458.889175745234,17378.3776586754,6404.70701045159,16871.7924593225,3235.20074734686,1435.86163015788,343.962566253084,62.7531753186386,282.57828528769,"Amac","noB12","med","3","5",27
22943.0032715083,2957.01286662161,44469.3095999776,8602.73921183663,3420.77637207223,496.966583214399,22318.7879460289,7042.12201866861,35271.0376466668,6963.07693167505,2964.78918384096,481.860102398934,70.2783814468947,272.132818475276,"Rpom","full","hot","1","5",27
22947.1752461885,3084.33075399505,42866.7253030508,8253.8800035468,3270.36067809961,494.571574832944,22293.4843471456,7185.72744041316,33878.3790895228,6669.29222167118,2840.85284883703,473.411912934187,70.110788163982,271.06144530239,"Rpom","full","hot","2","5",27
22496.1575101771,3350.86928685926,97348.0384806125,19457.724104428,8031.8321788403,590.075831794898,21627.9978392583,7392.55533621077,74527.6210873885,15062.4373699529,6467.03188427127,722.211641769078,79.9626093568861,275.408619077024,"Rpom","full","hot","3","5",27
27850.1350270519,3644.39239080622,59660.2924309338,11843.417022533,4874.73321196258,515.760164705507,27846.579961058,7770.61867620001,50085.7417162752,9996.34532183009,4277.18848908233,562.3872665589,72.4488760855538,354.736171372158,"Amac","full","hot","1","5",27
25458.9370191046,3794.87640077773,82597.0346984726,16551.8648312563,6859.02948332971,555.485677699462,25046.72130438,7831.81076465589,66426.5275053654,13394.9165756549,5746.46230991247,654.775267821301,76.1967906295623,316.32332540204,"Amac","full","hot","2","5",27
24497.3648364756,4083.97039528474,59587.6013195859,11767.940473568,4811.87214738957,522.099795292259,23778.7092730995,8100.83675068102,47035.7602372676,9404.32916682338,4034.56264647887,546.607517770889,72.3056732520592,294.69053025215,"Amac","full","hot","3","5",27
21698.0823399228,3492.3942322691,67215.770206792,13181.9443274837,5326.04873164149,536.701557038183,20708.8493547499,7524.26940749217,51804.7273607611,10308.6120543,4392.58719382419,589.837952033634,75.5077673938009,275.502081739008,"Rpom","noB12","hot","1","5",27
23615.11097832,3348.97706044754,50567.1072356509,9906.99794232383,4012.64857973891,504.561704418883,23233.4820409952,7430.97545146935,41029.3622534141,8141.43590217328,3480.33815780444,517.42162935435,71.5745709655453,309.715483247729,"Rpom","noB12","hot","2","5",27
20878.2463164767,3474.61810259425,39507.7919417537,7554.90318141953,3006.96214878304,492.409274741304,19984.7142848288,7524.22320451806,30720.7570119428,6029.31197167021,2595.94082293159,450.950997234581,68.8955494009981,270.149213813251,"Rpom","noB12","hot","3","5",27
39618.9573733484,5306.88902463316,34848.410535821,6916.04529048536,2880.70112741518,475.766934466503,38417.038749087,9505.69902396919,30748.6115423943,6111.53863355687,2655.86472876967,431.586521479317,65.6591939446252,352.36418830091,"Amac","noB12","hot","1","5",27
34507.1009806365,4706.87067660356,34027.9544212402,6750.82198820221,2809.01160932851,476.268434311178,33839.4570105141,8905.65078201727,29808.8036486461,5931.94188425432,2584.56179391767,428.078806902776,65.5075458541254,353.250708307245,"Amac","noB12","hot","2","5",27
33515.0212907272,4683.26990085418,83597.892147703,16802.2720487977,7020.57941933371,547.944199719898,32170.6481535271,8762.78997885358,71570.9861058949,14360.1048884679,6153.47167989166,665.616940817773,75.5714251355647,354.322537496508,"Amac","noB12","hot","3","5",27
